method,modulation,N,M,K,R,N_data,N_pilots,N_guard,payload_region_fraction,payload_fraction,train_ebn0_db,eval_ebn0_db,eps,ber,ser,evm,bit_errors,bit_total,pilot_symbol_mse,cfo_est_mae,cfo_est_bias,mean_estimated_eps,method_label
OFDM,16QAM,45,64,50,5,45,4,10,0.78125,0.703125,15.0,12.0,-0.2,0.2659669664171007,0.817196994357639,0.695951908826828,1568737,5898240,,,,,Classical OFDM
Learned,16QAM,45,64,50,5,45,4,10,0.78125,0.703125,15.0,12.0,-0.2,0.21080525716145834,0.6135443793402777,0.6294276714324951,1243380,5898240,,,,,Learned Basis
OFDM,16QAM,45,64,50,5,45,4,10,0.78125,0.703125,15.0,12.0,-0.19,0.2516020033094618,0.7978013780381945,0.6653136517852545,1484009,5898240,,,,,Classical OFDM
Learned,16QAM,45,64,50,5,45,4,10,0.78125,0.703125,15.0,12.0,-0.19,0.19894019232855903,0.5934068467881944,0.6014066897332668,1173397,5898240,,,,,Learned Basis
OFDM,16QAM,45,64,50,5,45,4,10,0.78125,0.703125,15.0,12.0,-0.18000000000000002,0.23782772488064235,0.7779269748263887,0.633329076692462,1402765,5898240,,,,,Classical OFDM
Learned,16QAM,45,64,50,5,45,4,10,0.78125,0.703125,15.0,12.0,-0.18000000000000002,0.18724009195963542,0.5727335611979167,0.5729296281933784,1104387,5898240,,,,,Learned Basis
OFDM,16QAM,45,64,50,5,45,4,10,0.78125,0.703125,15.0,12.0,-0.17,0.2235410902235243,0.7527832031249999,0.6014418117702007,1318499,5898240,,,,,Classical OFDM
Learned,16QAM,45,64,50,5,45,4,10,0.78125,0.703125,15.0,12.0,-0.17,0.17514139811197918,0.5506998697916666,0.5440759658813477,1033026,5898240,,,,,Learned Basis
OFDM,16QAM,45,64,50,5,45,4,10,0.78125,0.703125,15.0,12.0,-0.16,0.2093319363064236,0.7242004394531251,0.5696563944220543,1234690,5898240,,,,,Classical OFDM
Learned,16QAM,45,64,50,5,45,4,10,0.78125,0.703125,15.0,12.0,-0.16,0.1626127454969618,0.5260579427083335,0.5155242998152971,959129,5898240,,,,,Learned Basis
OFDM,16QAM,45,64,50,5,45,4,10,0.78125,0.703125,15.0,12.0,-0.15000000000000002,0.19501495361328125,0.690625,0.5370737630873919,1150245,5898240,,,,,Classical OFDM
Learned,16QAM,45,64,50,5,45,4,10,0.78125,0.703125,15.0,12.0,-0.15000000000000002,0.15007544623480903,0.4996649848090278,0.4864201592281461,885181,5898240,,,,,Learned Basis
OFDM,16QAM,45,64,50,5,45,4,10,0.78125,0.703125,15.0,12.0,-0.14,0.17992875840928818,0.6503573947482639,0.5048486217856407,1061263,5898240,,,,,Classical OFDM
Learned,16QAM,45,64,50,5,45,4,10,0.78125,0.703125,15.0,12.0,-0.14,0.13752899169921876,0.47119004991319435,0.4576115729287267,811179,5898240,,,,,Learned Basis
OFDM,16QAM,45,64,50,5,45,4,10,0.78125,0.703125,15.0,12.0,-0.13,0.16376258002387153,0.6030687120225695,0.4720967561006546,965911,5898240,,,,,Classical OFDM
Learned,16QAM,45,64,50,5,45,4,10,0.78125,0.703125,15.0,12.0,-0.13,0.12524651421440972,0.44088066948784715,0.4285876518115401,738734,5898240,,,,,Learned Basis
OFDM,16QAM,45,64,50,5,45,4,10,0.78125,0.703125,15.0,12.0,-0.12000000000000001,0.14659356011284722,0.5488532172309029,0.43942292872816324,864644,5898240,,,,,Classical OFDM
Learned,16QAM,45,64,50,5,45,4,10,0.78125,0.703125,15.0,12.0,-0.12000000000000001,0.11266615125868056,0.4062276204427084,0.39956884644925594,664532,5898240,,,,,Learned Basis
OFDM,16QAM,45,64,50,5,45,4,10,0.78125,0.703125,15.0,12.0,-0.11000000000000001,0.12777574327256944,0.4853441026475694,0.40670488588511944,753652,5898240,,,,,Classical OFDM
Learned,16QAM,45,64,50,5,45,4,10,0.78125,0.703125,15.0,12.0,-0.11000000000000001,0.09971347384982639,0.3678873697916668,0.37039836309850216,588134,5898240,,,,,Learned Basis
OFDM,16QAM,45,64,50,5,45,4,10,0.78125,0.703125,15.0,12.0,-0.1,0.10734405517578124,0.4133877224392361,0.3738888269290328,633141,5898240,,,,,Classical OFDM
Learned,16QAM,45,64,50,5,45,4,10,0.78125,0.703125,15.0,12.0,-0.1,0.08598649766710069,0.32474975585937504,0.3415253460407257,507169,5898240,,,,,Learned Basis
OFDM,16QAM,45,64,50,5,45,4,10,0.78125,0.703125,15.0,12.0,-0.09000000000000001,0.08596479627821181,0.33487820095486104,0.34170856699347496,507041,5898240,,,,,Classical OFDM
Learned,16QAM,45,64,50,5,45,4,10,0.78125,0.703125,15.0,12.0,-0.09000000000000001,0.07165306939019098,0.2759718153211805,0.31299360655248165,422627,5898240,,,,,Learned Basis
OFDM,16QAM,45,64,50,5,45,4,10,0.78125,0.703125,15.0,12.0,-0.08000000000000002,0.06429206000434028,0.25269571940104163,0.30950707383453846,379210,5898240,,,,,Classical OFDM
Learned,16QAM,45,64,50,5,45,4,10,0.78125,0.703125,15.0,12.0,-0.08000000000000002,0.05651719835069444,0.22111612955729168,0.2847799379378557,333352,5898240,,,,,Learned Basis
OFDM,16QAM,45,64,50,5,45,4,10,0.78125,0.703125,15.0,12.0,-0.07,0.04366421169704861,0.1728807237413195,0.2777554839849472,257542,5898240,,,,,Classical OFDM
Learned,16QAM,45,64,50,5,45,4,10,0.78125,0.703125,15.0,12.0,-0.07,0.0411376953125,0.16254001193576387,0.257249990478158,242640,5898240,,,,,Learned Basis
OFDM,16QAM,45,64,50,5,45,4,10,0.78125,0.703125,15.0,12.0,-0.06,0.026205952962239584,0.10425618489583334,0.24702191073447466,154569,5898240,,,,,Classical OFDM
Learned,16QAM,45,64,50,5,45,4,10,0.78125,0.703125,15.0,12.0,-0.06,0.026338365342881944,0.10472751193576389,0.23024553386494517,155350,5898240,,,,,Learned Basis
OFDM,16QAM,45,64,50,5,45,4,10,0.78125,0.703125,15.0,12.0,-0.05000000000000002,0.013441975911458333,0.053617350260416675,0.21730113634839654,79284,5898240,,,,,Classical OFDM
Learned,16QAM,45,64,50,5,45,4,10,0.78125,0.703125,15.0,12.0,-0.05000000000000002,0.014475165473090277,0.05773790147569444,0.20479299826547503,85378,5898240,,,,,Learned Basis
OFDM,16QAM,45,64,50,5,45,4,10,0.78125,0.703125,15.0,12.0,-0.04000000000000001,0.005723232693142361,0.022873263888888894,0.18966316571459174,33757,5898240,,,,,Classical OFDM
Learned,16QAM,45,64,50,5,45,4,10,0.78125,0.703125,15.0,12.0,-0.04000000000000001,0.006488206651475694,0.025911458333333335,0.18102945387363434,38269,5898240,,,,,Learned Basis
OFDM,16QAM,45,64,50,5,45,4,10,0.78125,0.703125,15.0,12.0,-0.03,0.0020526462131076387,0.008204481336805555,0.1646983753889799,12107,5898240,,,,,Classical OFDM
Learned,16QAM,45,64,50,5,45,4,10,0.78125,0.703125,15.0,12.0,-0.03,0.002475314670138889,0.00989447699652778,0.15996450604870915,14600,5898240,,,,,Learned Basis
OFDM,16QAM,45,64,50,5,45,4,10,0.78125,0.703125,15.0,12.0,-0.020000000000000018,0.0006566365559895833,0.002625868055555555,0.14431267883628607,3873,5898240,,,,,Classical OFDM
Learned,16QAM,45,64,50,5,45,4,10,0.78125,0.703125,15.0,12.0,-0.020000000000000018,0.0008046468098958333,0.0032185872395833343,0.1427736566402018,4746,5898240,,,,,Learned Basis
OFDM,16QAM,45,64,50,5,45,4,10,0.78125,0.703125,15.0,12.0,-0.010000000000000009,0.00022176106770833333,0.0008870442708333334,0.13045523315668106,1308,5898240,,,,,Classical OFDM
Learned,16QAM,45,64,50,5,45,4,10,0.78125,0.703125,15.0,12.0,-0.010000000000000009,0.000299072265625,0.001195610894097222,0.13108306098729372,1764,5898240,,,,,Learned Basis
OFDM,16QAM,45,64,50,5,45,4,10,0.78125,0.703125,15.0,12.0,0.0,0.00014326307508680556,0.0005730523003472222,0.12558964919298887,845,5898240,,,,,Classical OFDM
Learned,16QAM,45,64,50,5,45,4,10,0.78125,0.703125,15.0,12.0,0.0,0.00019056532118055556,0.0007622612847222224,0.12652947008609772,1124,5898240,,,,,Learned Basis
OFDM,16QAM,45,64,50,5,45,4,10,0.78125,0.703125,15.0,12.0,0.009999999999999981,0.00023040771484375,0.000921630859375,0.1304955706000328,1359,5898240,,,,,Classical OFDM
Learned,16QAM,45,64,50,5,45,4,10,0.78125,0.703125,15.0,12.0,0.009999999999999981,0.00026312934027777776,0.0010525173611111113,0.1297406074590981,1552,5898240,,,,,Learned Basis
OFDM,16QAM,45,64,50,5,45,4,10,0.78125,0.703125,15.0,12.0,0.01999999999999999,0.0006549411349826389,0.0026190863715277782,0.1442704051733017,3863,5898240,,,,,Classical OFDM
Learned,16QAM,45,64,50,5,45,4,10,0.78125,0.703125,15.0,12.0,0.01999999999999999,0.0006715562608506945,0.002686225043402778,0.14013426005840302,3961,5898240,,,,,Learned Basis
OFDM,16QAM,45,64,50,5,45,4,10,0.78125,0.703125,15.0,12.0,0.03,0.002069091796875,0.00826755099826389,0.16474489076063037,12204,5898240,,,,,Classical OFDM
Learned,16QAM,45,64,50,5,45,4,10,0.78125,0.703125,15.0,12.0,0.03,0.0020399305555555557,0.008157687717013888,0.15644639637321234,12032,5898240,,,,,Learned Basis
OFDM,16QAM,45,64,50,5,45,4,10,0.78125,0.703125,15.0,12.0,0.03999999999999998,0.005755784776475694,0.022993977864583334,0.18961587315425277,33949,5898240,,,,,Classical OFDM
Learned,16QAM,45,64,50,5,45,4,10,0.78125,0.703125,15.0,12.0,0.03999999999999998,0.005605061848958333,0.02239379882812501,0.1769277867861092,33060,5898240,,,,,Learned Basis
OFDM,16QAM,45,64,50,5,45,4,10,0.78125,0.703125,15.0,12.0,0.04999999999999999,0.013426378038194445,0.05355224609374999,0.21732765948399901,79192,5898240,,,,,Classical OFDM
Learned,16QAM,45,64,50,5,45,4,10,0.78125,0.703125,15.0,12.0,0.04999999999999999,0.01277957492404514,0.051007080078124996,0.2003516941331327,75377,5898240,,,,,Learned Basis
OFDM,16QAM,45,64,50,5,45,4,10,0.78125,0.703125,15.0,12.0,0.06,0.026231553819444444,0.10432807074652779,0.24687655782327056,154720,5898240,,,,,Classical OFDM
Learned,16QAM,45,64,50,5,45,4,10,0.78125,0.703125,15.0,12.0,0.06,0.024111260308159722,0.09593031141493055,0.2256147339940071,142214,5898240,,,,,Learned Basis
OFDM,16QAM,45,64,50,5,45,4,10,0.78125,0.703125,15.0,12.0,0.07,0.043732706705729166,0.173095703125,0.277974272146821,257946,5898240,,,,,Classical OFDM
Learned,16QAM,45,64,50,5,45,4,10,0.78125,0.703125,15.0,12.0,0.07,0.03837025960286458,0.15187174479166668,0.25221770256757736,226317,5898240,,,,,Learned Basis
OFDM,16QAM,45,64,50,5,45,4,10,0.78125,0.703125,15.0,12.0,0.08000000000000002,0.06409556070963542,0.2520894368489584,0.3093626145273447,378051,5898240,,,,,Classical OFDM
Learned,16QAM,45,64,50,5,45,4,10,0.78125,0.703125,15.0,12.0,0.08000000000000002,0.05357479519314236,0.20999620225694446,0.27961709536612034,315997,5898240,,,,,Learned Basis
OFDM,16QAM,45,64,50,5,45,4,10,0.78125,0.703125,15.0,12.0,0.08999999999999997,0.08602210150824653,0.3349494086371528,0.34179068356752396,507379,5898240,,,,,Classical OFDM
Learned,16QAM,45,64,50,5,45,4,10,0.78125,0.703125,15.0,12.0,0.08999999999999997,0.06898040771484375,0.2663567437065972,0.3079319326207042,406863,5898240,,,,,Learned Basis
OFDM,16QAM,45,64,50,5,45,4,10,0.78125,0.703125,15.0,12.0,0.09999999999999998,0.10738762749565972,0.41359998914930557,0.3738754130899906,633398,5898240,,,,,Classical OFDM
Learned,16QAM,45,64,50,5,45,4,10,0.78125,0.703125,15.0,12.0,0.09999999999999998,0.08335927327473959,0.31572943793402775,0.3363054506480694,491673,5898240,,,,,Learned Basis
OFDM,16QAM,45,64,50,5,45,4,10,0.78125,0.703125,15.0,12.0,0.10999999999999999,0.12783983018663195,0.4856845431857639,0.40670495573431253,754030,5898240,,,,,Classical OFDM
Learned,16QAM,45,64,50,5,45,4,10,0.78125,0.703125,15.0,12.0,0.10999999999999999,0.09706437852647569,0.35946451822916664,0.365251237526536,572509,5898240,,,,,Learned Basis
OFDM,16QAM,45,64,50,5,45,4,10,0.78125,0.703125,15.0,12.0,0.12,0.14676666259765625,0.5491929796006944,0.43950529396533966,865665,5898240,,,,,Classical OFDM
Learned,16QAM,45,64,50,5,45,4,10,0.78125,0.703125,15.0,12.0,0.12,0.11013946533203126,0.39836629231770837,0.3942924067378044,649629,5898240,,,,,Learned Basis
OFDM,16QAM,45,64,50,5,45,4,10,0.78125,0.703125,15.0,12.0,0.13,0.16405775282118057,0.6042751736111112,0.4722328446805477,967652,5898240,,,,,Classical OFDM
Learned,16QAM,45,64,50,5,45,4,10,0.78125,0.703125,15.0,12.0,0.13,0.12257537841796876,0.4330641004774305,0.4233696013689041,722979,5898240,,,,,Learned Basis
OFDM,16QAM,45,64,50,5,45,4,10,0.78125,0.703125,15.0,12.0,0.14,0.1800509982638889,0.6511067708333335,0.5047027692198753,1061984,5898240,,,,,Classical OFDM
Learned,16QAM,45,64,50,5,45,4,10,0.78125,0.703125,15.0,12.0,0.14,0.13502621120876737,0.46445041232638895,0.45237785018980503,796417,5898240,,,,,Learned Basis
OFDM,16QAM,45,64,50,5,45,4,10,0.78125,0.703125,15.0,12.0,0.15000000000000002,0.19491712782118056,0.6900994194878471,0.5368947982788086,1149668,5898240,,,,,Classical OFDM
Learned,16QAM,45,64,50,5,45,4,10,0.78125,0.703125,15.0,12.0,0.15000000000000002,0.14745313856336806,0.49340277777777775,0.4812304060906172,869714,5898240,,,,,Learned Basis
OFDM,16QAM,45,64,50,5,45,4,10,0.78125,0.703125,15.0,12.0,0.15999999999999998,0.20933142768012153,0.7237854003906251,0.5691252313554287,1234687,5898240,,,,,Classical OFDM
Learned,16QAM,45,64,50,5,45,4,10,0.78125,0.703125,15.0,12.0,0.15999999999999998,0.16017981635199652,0.5203335232204863,0.5100577473640442,944779,5898240,,,,,Learned Basis
OFDM,16QAM,45,64,50,5,45,4,10,0.78125,0.703125,15.0,12.0,0.16999999999999998,0.22380608452690973,0.7536783854166665,0.6014101058244705,1320062,5898240,,,,,Classical OFDM
Learned,16QAM,45,64,50,5,45,4,10,0.78125,0.703125,15.0,12.0,0.16999999999999998,0.17290971544053818,0.5454969618055556,0.5389783047139645,1019863,5898240,,,,,Learned Basis
OFDM,16QAM,45,64,50,5,45,4,10,0.78125,0.703125,15.0,12.0,0.18,0.23782212999131944,0.777859836154514,0.6334845386445522,1402732,5898240,,,,,Classical OFDM
Learned,16QAM,45,64,50,5,45,4,10,0.78125,0.703125,15.0,12.0,0.18,0.18500993516710068,0.5685418023003472,0.5675288829952478,1091233,5898240,,,,,Learned Basis
OFDM,16QAM,45,64,50,5,45,4,10,0.78125,0.703125,15.0,12.0,0.19,0.2517213609483507,0.7986341688368058,0.6646146886050701,1484713,5898240,,,,,Classical OFDM
Learned,16QAM,45,64,50,5,45,4,10,0.78125,0.703125,15.0,12.0,0.19,0.19688296847873263,0.5901638454861112,0.5959311854094267,1161263,5898240,,,,,Learned Basis
OFDM,16QAM,45,64,50,5,45,4,10,0.78125,0.703125,15.0,12.0,0.2,0.2657418145073785,0.8171074761284725,0.6959129795432091,1567409,5898240,,,,,Classical OFDM
Learned,16QAM,45,64,50,5,45,4,10,0.78125,0.703125,15.0,12.0,0.2,0.20871259901258682,0.6102735731336806,0.6244330946356058,1231037,5898240,,,,,Learned Basis
