method,method_label,eps,stream,diag_magnitude
Learned,Learned Basis,-0.1,0,0.9827407002449036
Learned,Learned Basis,-0.1,1,0.9856500029563904
Learned,Learned Basis,-0.1,2,0.9788311123847961
Learned,Learned Basis,-0.1,3,0.9820483922958374
Learned,Learned Basis,-0.1,4,0.9837652444839478
Learned,Learned Basis,-0.1,5,0.9843164086341858
Learned,Learned Basis,-0.1,6,0.9855953454971313
Learned,Learned Basis,-0.1,7,0.9833518266677856
Learned,Learned Basis,-0.1,8,0.9821168780326843
Learned,Learned Basis,-0.1,9,0.9857253432273865
Learned,Learned Basis,-0.1,10,0.9838600754737854
Learned,Learned Basis,-0.1,11,0.9853330254554749
Learned,Learned Basis,-0.1,12,0.9874232411384583
Learned,Learned Basis,-0.1,13,0.98427814245224
Learned,Learned Basis,-0.1,14,0.9818217158317566
Learned,Learned Basis,-0.1,15,0.9797592759132385
Learned,Learned Basis,-0.1,16,0.9854866862297058
Learned,Learned Basis,-0.1,17,0.9806452989578247
Learned,Learned Basis,-0.1,18,0.9822829961776733
Learned,Learned Basis,-0.1,19,0.98380446434021
Learned,Learned Basis,-0.1,20,0.9860820174217224
Learned,Learned Basis,-0.1,21,0.9800330996513367
Learned,Learned Basis,-0.1,22,0.9784619212150574
Learned,Learned Basis,-0.1,23,0.9816759824752808
Learned,Learned Basis,-0.1,24,0.9808952212333679
Learned,Learned Basis,-0.1,25,0.9820706248283386
Learned,Learned Basis,-0.1,26,0.9806675314903259
Learned,Learned Basis,-0.1,27,0.9852206110954285
Learned,Learned Basis,-0.1,28,0.979706346988678
Learned,Learned Basis,-0.1,29,0.9828755259513855
Learned,Learned Basis,-0.1,30,0.9839134812355042
Learned,Learned Basis,-0.1,31,0.9837769269943237
Learned,Learned Basis,-0.1,32,0.9843590259552002
Learned,Learned Basis,-0.1,33,0.9832934737205505
Learned,Learned Basis,-0.1,34,0.9813318252563477
Learned,Learned Basis,-0.1,35,0.9833219647407532
Learned,Learned Basis,-0.1,36,0.9841135740280151
Learned,Learned Basis,-0.1,37,0.9830518960952759
Learned,Learned Basis,-0.1,38,0.9857823848724365
Learned,Learned Basis,-0.1,39,0.9888843894004822
Learned,Learned Basis,-0.1,40,0.9820994138717651
Learned,Learned Basis,-0.1,41,0.9837790131568909
Learned,Learned Basis,-0.1,42,0.9833829998970032
Learned,Learned Basis,-0.1,43,0.9806634187698364
Learned,Learned Basis,-0.1,44,0.9813970327377319
Learned,Learned Basis,-0.08,0,0.9828502535820007
Learned,Learned Basis,-0.08,1,0.9857324957847595
Learned,Learned Basis,-0.08,2,0.9789267182350159
Learned,Learned Basis,-0.08,3,0.9821426868438721
Learned,Learned Basis,-0.08,4,0.9838808178901672
Learned,Learned Basis,-0.08,5,0.9843981266021729
Learned,Learned Basis,-0.08,6,0.9857087731361389
Learned,Learned Basis,-0.08,7,0.9834575653076172
Learned,Learned Basis,-0.08,8,0.9822322130203247
Learned,Learned Basis,-0.08,9,0.9858614802360535
Learned,Learned Basis,-0.08,10,0.9840132594108582
Learned,Learned Basis,-0.08,11,0.9855078458786011
Learned,Learned Basis,-0.08,12,0.9875675439834595
Learned,Learned Basis,-0.08,13,0.9844778180122375
Learned,Learned Basis,-0.08,14,0.9820429682731628
Learned,Learned Basis,-0.08,15,0.9800258874893188
Learned,Learned Basis,-0.08,16,0.9857694506645203
Learned,Learned Basis,-0.08,17,0.9810047745704651
Learned,Learned Basis,-0.08,18,0.9827411770820618
Learned,Learned Basis,-0.08,19,0.984326183795929
Learned,Learned Basis,-0.08,20,0.9867709875106812
Learned,Learned Basis,-0.08,21,0.9812746047973633
Learned,Learned Basis,-0.08,22,0.9805123805999756
Learned,Learned Basis,-0.08,23,0.9836754202842712
Learned,Learned Basis,-0.08,24,0.9821047186851501
Learned,Learned Basis,-0.08,25,0.9828823208808899
Learned,Learned Basis,-0.08,26,0.9812207221984863
Learned,Learned Basis,-0.08,27,0.9856576323509216
Learned,Learned Basis,-0.08,28,0.9800416231155396
Learned,Learned Basis,-0.08,29,0.9831929802894592
Learned,Learned Basis,-0.08,30,0.9841528534889221
Learned,Learned Basis,-0.08,31,0.9840237498283386
Learned,Learned Basis,-0.08,32,0.9845385551452637
Learned,Learned Basis,-0.08,33,0.9834654331207275
Learned,Learned Basis,-0.08,34,0.9814760684967041
Learned,Learned Basis,-0.08,35,0.983478844165802
Learned,Learned Basis,-0.08,36,0.984231173992157
Learned,Learned Basis,-0.08,37,0.9831637144088745
Learned,Learned Basis,-0.08,38,0.9859012961387634
Learned,Learned Basis,-0.08,39,0.9889899492263794
Learned,Learned Basis,-0.08,40,0.9821920990943909
Learned,Learned Basis,-0.08,41,0.9838655591011047
Learned,Learned Basis,-0.08,42,0.9834800362586975
Learned,Learned Basis,-0.08,43,0.980750560760498
Learned,Learned Basis,-0.08,44,0.9815114140510559
Learned,Learned Basis,-0.060000000000000005,0,0.9829386472702026
Learned,Learned Basis,-0.060000000000000005,1,0.9857925772666931
Learned,Learned Basis,-0.060000000000000005,2,0.9790006279945374
Learned,Learned Basis,-0.060000000000000005,3,0.9822148680686951
Learned,Learned Basis,-0.060000000000000005,4,0.9839745759963989
Learned,Learned Basis,-0.060000000000000005,5,0.984455406665802
Learned,Learned Basis,-0.060000000000000005,6,0.9857980012893677
Learned,Learned Basis,-0.060000000000000005,7,0.9835382103919983
Learned,Learned Basis,-0.060000000000000005,8,0.9823203682899475
Learned,Learned Basis,-0.060000000000000005,9,0.985969066619873
Learned,Learned Basis,-0.060000000000000005,10,0.9841358661651611
Learned,Learned Basis,-0.060000000000000005,11,0.985648512840271
Learned,Learned Basis,-0.060000000000000005,12,0.9876784086227417
Learned,Learned Basis,-0.060000000000000005,13,0.9846381545066833
Learned,Learned Basis,-0.060000000000000005,14,0.9822172522544861
Learned,Learned Basis,-0.060000000000000005,15,0.9802393317222595
Learned,Learned Basis,-0.060000000000000005,16,0.9859886765480042
Learned,Learned Basis,-0.060000000000000005,17,0.981289267539978
Learned,Learned Basis,-0.060000000000000005,18,0.9831021428108215
Learned,Learned Basis,-0.060000000000000005,19,0.9847344160079956
Learned,Learned Basis,-0.060000000000000005,20,0.9872974157333374
Learned,Learned Basis,-0.060000000000000005,21,0.9822656512260437
Learned,Learned Basis,-0.060000000000000005,22,0.9821343421936035
Learned,Learned Basis,-0.060000000000000005,23,0.9852418899536133
Learned,Learned Basis,-0.060000000000000005,24,0.9830604195594788
Learned,Learned Basis,-0.060000000000000005,25,0.98353511095047
Learned,Learned Basis,-0.060000000000000005,26,0.9816516637802124
Learned,Learned Basis,-0.060000000000000005,27,0.985993504524231
Learned,Learned Basis,-0.060000000000000005,28,0.9803012609481812
Learned,Learned Basis,-0.060000000000000005,29,0.9834482073783875
Learned,Learned Basis,-0.060000000000000005,30,0.9843348860740662
Learned,Learned Basis,-0.060000000000000005,31,0.9842228293418884
Learned,Learned Basis,-0.060000000000000005,32,0.9846804738044739
Learned,Learned Basis,-0.060000000000000005,33,0.9836010336875916
Learned,Learned Basis,-0.060000000000000005,34,0.9815880060195923
Learned,Learned Basis,-0.060000000000000005,35,0.9836055636405945
Learned,Learned Basis,-0.060000000000000005,36,0.9843199253082275
Learned,Learned Basis,-0.060000000000000005,37,0.9832488298416138
Learned,Learned Basis,-0.060000000000000005,38,0.9859948754310608
Learned,Learned Basis,-0.060000000000000005,39,0.9890696406364441
Learned,Learned Basis,-0.060000000000000005,40,0.9822602272033691
Learned,Learned Basis,-0.060000000000000005,41,0.9839293956756592
Learned,Learned Basis,-0.060000000000000005,42,0.9835560917854309
Learned,Learned Basis,-0.060000000000000005,43,0.9808161854743958
Learned,Learned Basis,-0.060000000000000005,44,0.9816038608551025
Learned,Learned Basis,-0.04000000000000001,0,0.9830054640769958
Learned,Learned Basis,-0.04000000000000001,1,0.9858309030532837
Learned,Learned Basis,-0.04000000000000001,2,0.9790529608726501
Learned,Learned Basis,-0.04000000000000001,3,0.9822642803192139
Learned,Learned Basis,-0.04000000000000001,4,0.9840468168258667
Learned,Learned Basis,-0.04000000000000001,5,0.984488844871521
Learned,Learned Basis,-0.04000000000000001,6,0.9858630299568176
Learned,Learned Basis,-0.04000000000000001,7,0.9835947155952454
Learned,Learned Basis,-0.04000000000000001,8,0.9823815226554871
Learned,Learned Basis,-0.04000000000000001,9,0.9860483407974243
Learned,Learned Basis,-0.04000000000000001,10,0.9842274785041809
Learned,Learned Basis,-0.04000000000000001,11,0.9857555031776428
Learned,Learned Basis,-0.04000000000000001,12,0.987755298614502
Learned,Learned Basis,-0.04000000000000001,13,0.984758734703064
Learned,Learned Basis,-0.04000000000000001,14,0.9823426008224487
Learned,Learned Basis,-0.04000000000000001,15,0.9803981184959412
Learned,Learned Basis,-0.04000000000000001,16,0.9861433506011963
Learned,Learned Basis,-0.04000000000000001,17,0.9814959764480591
Learned,Learned Basis,-0.04000000000000001,18,0.9833629727363586
Learned,Learned Basis,-0.04000000000000001,19,0.9850242137908936
Learned,Learned Basis,-0.04000000000000001,20,0.9876564145088196
Learned,Learned Basis,-0.04000000000000001,21,0.9829955697059631
Learned,Learned Basis,-0.04000000000000001,22,0.9833081960678101
Learned,Learned Basis,-0.04000000000000001,23,0.9863572120666504
Learned,Learned Basis,-0.04000000000000001,24,0.9837515950202942
Learned,Learned Basis,-0.04000000000000001,25,0.9840224981307983
Learned,Learned Basis,-0.04000000000000001,26,0.9819559454917908
Learned,Learned Basis,-0.04000000000000001,27,0.9862249493598938
Learned,Learned Basis,-0.04000000000000001,28,0.9804829955101013
Learned,Learned Basis,-0.04000000000000001,29,0.9836395382881165
Learned,Learned Basis,-0.04000000000000001,30,0.9844586253166199
Learned,Learned Basis,-0.04000000000000001,31,0.9843732118606567
Learned,Learned Basis,-0.04000000000000001,32,0.9847842454910278
Learned,Learned Basis,-0.04000000000000001,33,0.9836993217468262
Learned,Learned Basis,-0.04000000000000001,34,0.9816671013832092
Learned,Learned Basis,-0.04000000000000001,35,0.9837023615837097
Learned,Learned Basis,-0.04000000000000001,36,0.9843797087669373
Learned,Learned Basis,-0.04000000000000001,37,0.9833071231842041
Learned,Learned Basis,-0.04000000000000001,38,0.9860630035400391
Learned,Learned Basis,-0.04000000000000001,39,0.989123523235321
Learned,Learned Basis,-0.04000000000000001,40,0.9823039770126343
Learned,Learned Basis,-0.04000000000000001,41,0.9839704036712646
Learned,Learned Basis,-0.04000000000000001,42,0.9836109280586243
Learned,Learned Basis,-0.04000000000000001,43,0.9808595180511475
Learned,Learned Basis,-0.04000000000000001,44,0.9816739559173584
Learned,Learned Basis,-0.020000000000000004,0,0.9830507040023804
Learned,Learned Basis,-0.020000000000000004,1,0.9858471155166626
Learned,Learned Basis,-0.020000000000000004,2,0.9790835976600647
Learned,Learned Basis,-0.020000000000000004,3,0.982291042804718
Learned,Learned Basis,-0.020000000000000004,4,0.9840973615646362
Learned,Learned Basis,-0.020000000000000004,5,0.9844979643821716
Learned,Learned Basis,-0.020000000000000004,6,0.9859027862548828
Learned,Learned Basis,-0.020000000000000004,7,0.9836264252662659
Learned,Learned Basis,-0.020000000000000004,8,0.9824151396751404
Learned,Learned Basis,-0.020000000000000004,9,0.98609858751297
Learned,Learned Basis,-0.020000000000000004,10,0.9842875599861145
Learned,Learned Basis,-0.020000000000000004,11,0.9858271479606628
Learned,Learned Basis,-0.020000000000000004,12,0.987797737121582
Learned,Learned Basis,-0.020000000000000004,13,0.9848381876945496
Learned,Learned Basis,-0.020000000000000004,14,0.982418417930603
Learned,Learned Basis,-0.020000000000000004,15,0.9805010557174683
Learned,Learned Basis,-0.020000000000000004,16,0.9862319827079773
Learned,Learned Basis,-0.020000000000000004,17,0.9816233515739441
Learned,Learned Basis,-0.020000000000000004,18,0.983521044254303
Learned,Learned Basis,-0.020000000000000004,19,0.9851939082145691
Learned,Learned Basis,-0.020000000000000004,20,0.9878438115119934
Learned,Learned Basis,-0.020000000000000004,21,0.9834557175636292
Learned,Learned Basis,-0.020000000000000004,22,0.9840213656425476
Learned,Learned Basis,-0.020000000000000004,23,0.9870079159736633
Learned,Learned Basis,-0.020000000000000004,24,0.9841701984405518
Learned,Learned Basis,-0.020000000000000004,25,0.9843392372131348
Learned,Learned Basis,-0.020000000000000004,26,0.9821307063102722
Learned,Learned Basis,-0.020000000000000004,27,0.986349880695343
Learned,Learned Basis,-0.020000000000000004,28,0.9805852174758911
Learned,Learned Basis,-0.020000000000000004,29,0.983765184879303
Learned,Learned Basis,-0.020000000000000004,30,0.9845231771469116
Learned,Learned Basis,-0.020000000000000004,31,0.9844738245010376
Learned,Learned Basis,-0.020000000000000004,32,0.9848490953445435
Learned,Learned Basis,-0.020000000000000004,33,0.9837600588798523
Learned,Learned Basis,-0.020000000000000004,34,0.9817126989364624
Learned,Learned Basis,-0.020000000000000004,35,0.9837682247161865
Learned,Learned Basis,-0.020000000000000004,36,0.9844105839729309
Learned,Learned Basis,-0.020000000000000004,37,0.9833379983901978
Learned,Learned Basis,-0.020000000000000004,38,0.9861052632331848
Learned,Learned Basis,-0.020000000000000004,39,0.9891517758369446
Learned,Learned Basis,-0.020000000000000004,40,0.9823226928710938
Learned,Learned Basis,-0.020000000000000004,41,0.9839880466461182
Learned,Learned Basis,-0.020000000000000004,42,0.9836443066596985
Learned,Learned Basis,-0.020000000000000004,43,0.9808812141418457
Learned,Learned Basis,-0.020000000000000004,44,0.981721818447113
Learned,Learned Basis,0.0,0,0.9830746054649353
Learned,Learned Basis,0.0,1,0.9858411550521851
Learned,Learned Basis,0.0,2,0.979092538356781
Learned,Learned Basis,0.0,3,0.9822950959205627
Learned,Learned Basis,0.0,4,0.9841262102127075
Learned,Learned Basis,0.0,5,0.9844824075698853
Learned,Learned Basis,0.0,6,0.985918402671814
Learned,Learned Basis,0.0,7,0.9836328029632568
Learned,Learned Basis,0.0,8,0.9824209809303284
Learned,Learned Basis,0.0,9,0.9861196875572205
Learned,Learned Basis,0.0,10,0.984316349029541
Learned,Learned Basis,0.0,11,0.9858635663986206
Learned,Learned Basis,0.0,12,0.9878054857254028
Learned,Learned Basis,0.0,13,0.9848771691322327
Learned,Learned Basis,0.0,14,0.9824447631835938
Learned,Learned Basis,0.0,15,0.9805479049682617
Learned,Learned Basis,0.0,16,0.9862546920776367
Learned,Learned Basis,0.0,17,0.9816704988479614
Learned,Learned Basis,0.0,18,0.9835755825042725
Learned,Learned Basis,0.0,19,0.9852405190467834
Learned,Learned Basis,0.0,20,0.9878574013710022
Learned,Learned Basis,0.0,21,0.9836404919624329
Learned,Learned Basis,0.0,22,0.9842647314071655
Learned,Learned Basis,0.0,23,0.9871864318847656
Learned,Learned Basis,0.0,24,0.9843119382858276
Learned,Learned Basis,0.0,25,0.9844818711280823
Learned,Learned Basis,0.0,26,0.9821739792823792
Learned,Learned Basis,0.0,27,0.9863673448562622
Learned,Learned Basis,0.0,28,0.9806071519851685
Learned,Learned Basis,0.0,29,0.9838243126869202
Learned,Learned Basis,0.0,30,0.9845280051231384
Learned,Learned Basis,0.0,31,0.9845240116119385
Learned,Learned Basis,0.0,32,0.9848748445510864
Learned,Learned Basis,0.0,33,0.9837826490402222
Learned,Learned Basis,0.0,34,0.9817246794700623
Learned,Learned Basis,0.0,35,0.9838032722473145
Learned,Learned Basis,0.0,36,0.9844116568565369
Learned,Learned Basis,0.0,37,0.9833418726921082
Learned,Learned Basis,0.0,38,0.9861215949058533
Learned,Learned Basis,0.0,39,0.9891538619995117
Learned,Learned Basis,0.0,40,0.9823171496391296
Learned,Learned Basis,0.0,41,0.9839825630187988
Learned,Learned Basis,0.0,42,0.9836564660072327
Learned,Learned Basis,0.0,43,0.9808804988861084
Learned,Learned Basis,0.0,44,0.9817478060722351
Learned,Learned Basis,0.01999999999999999,0,0.9830767512321472
Learned,Learned Basis,0.01999999999999999,1,0.9858132600784302
Learned,Learned Basis,0.01999999999999999,2,0.9790796041488647
Learned,Learned Basis,0.01999999999999999,3,0.982276439666748
Learned,Learned Basis,0.01999999999999999,4,0.9841329455375671
Learned,Learned Basis,0.01999999999999999,5,0.9844425916671753
Learned,Learned Basis,0.01999999999999999,6,0.9859089255332947
Learned,Learned Basis,0.01999999999999999,7,0.9836149215698242
Learned,Learned Basis,0.01999999999999999,8,0.982399582862854
Learned,Learned Basis,0.01999999999999999,9,0.9861118197441101
Learned,Learned Basis,0.01999999999999999,10,0.9843137860298157
Learned,Learned Basis,0.01999999999999999,11,0.9858651161193848
Learned,Learned Basis,0.01999999999999999,12,0.987778902053833
Learned,Learned Basis,0.01999999999999999,13,0.984874963760376
Learned,Learned Basis,0.01999999999999999,14,0.9824207425117493
Learned,Learned Basis,0.01999999999999999,15,0.9805383682250977
Learned,Learned Basis,0.01999999999999999,16,0.9862102270126343
Learned,Learned Basis,0.01999999999999999,17,0.9816370606422424
Learned,Learned Basis,0.01999999999999999,18,0.983526349067688
Learned,Learned Basis,0.01999999999999999,19,0.9851636290550232
Learned,Learned Basis,0.01999999999999999,20,0.9876980781555176
Learned,Learned Basis,0.01999999999999999,21,0.9835487604141235
Learned,Learned Basis,0.01999999999999999,22,0.9840354919433594
Learned,Learned Basis,0.01999999999999999,23,0.9868903756141663
Learned,Learned Basis,0.01999999999999999,24,0.984174907207489
Learned,Learned Basis,0.01999999999999999,25,0.9844492077827454
Learned,Learned Basis,0.01999999999999999,26,0.9820850491523743
Learned,Learned Basis,0.01999999999999999,27,0.9862769246101379
Learned,Learned Basis,0.01999999999999999,28,0.9805485010147095
Learned,Learned Basis,0.01999999999999999,29,0.9838167428970337
Learned,Learned Basis,0.01999999999999999,30,0.9844734072685242
Learned,Learned Basis,0.01999999999999999,31,0.9845238327980042
Learned,Learned Basis,0.01999999999999999,32,0.9848611950874329
Learned,Learned Basis,0.01999999999999999,33,0.983767032623291
Learned,Learned Basis,0.01999999999999999,34,0.9817027449607849
Learned,Learned Basis,0.01999999999999999,35,0.983807384967804
Learned,Learned Basis,0.01999999999999999,36,0.9843839406967163
Learned,Learned Basis,0.01999999999999999,37,0.9833179712295532
Learned,Learned Basis,0.01999999999999999,38,0.9861118197441101
Learned,Learned Basis,0.01999999999999999,39,0.989129900932312
Learned,Learned Basis,0.01999999999999999,40,0.9822865724563599
Learned,Learned Basis,0.01999999999999999,41,0.9839538335800171
Learned,Learned Basis,0.01999999999999999,42,0.9836470484733582
Learned,Learned Basis,0.01999999999999999,43,0.9808579683303833
Learned,Learned Basis,0.01999999999999999,44,0.9817510843276978
Learned,Learned Basis,0.04000000000000001,0,0.9830573201179504
Learned,Learned Basis,0.04000000000000001,1,0.9857632517814636
Learned,Learned Basis,0.04000000000000001,2,0.9790450930595398
Learned,Learned Basis,0.04000000000000001,3,0.9822351932525635
Learned,Learned Basis,0.04000000000000001,4,0.9841180443763733
Learned,Learned Basis,0.04000000000000001,5,0.984378457069397
Learned,Learned Basis,0.04000000000000001,6,0.985874593257904
Learned,Learned Basis,0.04000000000000001,7,0.9835718274116516
Learned,Learned Basis,0.04000000000000001,8,0.9823507070541382
Learned,Learned Basis,0.04000000000000001,9,0.9860743880271912
Learned,Learned Basis,0.04000000000000001,10,0.9842796325683594
Learned,Learned Basis,0.04000000000000001,11,0.9858307838439941
Learned,Learned Basis,0.04000000000000001,12,0.987717866897583
Learned,Learned Basis,0.04000000000000001,13,0.9848317503929138
Learned,Learned Basis,0.04000000000000001,14,0.9823474884033203
Learned,Learned Basis,0.04000000000000001,15,0.9804719686508179
Learned,Learned Basis,0.04000000000000001,16,0.9861004948616028
Learned,Learned Basis,0.04000000000000001,17,0.9815233945846558
Learned,Learned Basis,0.04000000000000001,18,0.9833728075027466
Learned,Learned Basis,0.04000000000000001,19,0.98496413230896
Learned,Learned Basis,0.04000000000000001,20,0.987366259098053
Learned,Learned Basis,0.04000000000000001,21,0.9831804633140564
Learned,Learned Basis,0.04000000000000001,22,0.9833377599716187
Learned,Learned Basis,0.04000000000000001,23,0.986123263835907
Learned,Learned Basis,0.04000000000000001,24,0.9837606549263
Learned,Learned Basis,0.04000000000000001,25,0.9842413663864136
Learned,Learned Basis,0.04000000000000001,26,0.9818646311759949
Learned,Learned Basis,0.04000000000000001,27,0.9860795140266418
Learned,Learned Basis,0.04000000000000001,28,0.9804093837738037
Learned,Learned Basis,0.04000000000000001,29,0.9837422370910645
Learned,Learned Basis,0.04000000000000001,30,0.9843593835830688
Learned,Learned Basis,0.04000000000000001,31,0.984472930431366
Learned,Learned Basis,0.04000000000000001,32,0.9848078489303589
Learned,Learned Basis,0.04000000000000001,33,0.9837133288383484
Learned,Learned Basis,0.04000000000000001,34,0.9816467761993408
Learned,Learned Basis,0.04000000000000001,35,0.9837806224822998
Learned,Learned Basis,0.04000000000000001,36,0.9843268394470215
Learned,Learned Basis,0.04000000000000001,37,0.9832667708396912
Learned,Learned Basis,0.04000000000000001,38,0.9860756993293762
Learned,Learned Basis,0.04000000000000001,39,0.989080011844635
Learned,Learned Basis,0.04000000000000001,40,0.9822317361831665
Learned,Learned Basis,0.04000000000000001,41,0.9839020371437073
Learned,Learned Basis,0.04000000000000001,42,0.9836164712905884
Learned,Learned Basis,0.04000000000000001,43,0.9808135032653809
Learned,Learned Basis,0.04000000000000001,44,0.9817324280738831
Learned,Learned Basis,0.06,0,0.9830162525177002
Learned,Learned Basis,0.06,1,0.9856913089752197
Learned,Learned Basis,0.06,2,0.9789888262748718
Learned,Learned Basis,0.06,3,0.9821712374687195
Learned,Learned Basis,0.06,4,0.9840810298919678
Learned,Learned Basis,0.06,5,0.9842901229858398
Learned,Learned Basis,0.06,6,0.9858159422874451
Learned,Learned Basis,0.06,7,0.9835044741630554
Learned,Learned Basis,0.06,8,0.98227459192276
Learned,Learned Basis,0.06,9,0.9860077500343323
Learned,Learned Basis,0.06,10,0.9842146039009094
Learned,Learned Basis,0.06,11,0.9857618808746338
Learned,Learned Basis,0.06,12,0.987622857093811
Learned,Learned Basis,0.06,13,0.9847480058670044
Learned,Learned Basis,0.06,14,0.9822248220443726
Learned,Learned Basis,0.06,15,0.9803491830825806
Learned,Learned Basis,0.06,16,0.9859256744384766
Learned,Learned Basis,0.06,17,0.9813303351402283
Learned,Learned Basis,0.06,18,0.9831169247627258
Learned,Learned Basis,0.06,19,0.984643280506134
Learned,Learned Basis,0.06,20,0.9868663549423218
Learned,Learned Basis,0.06,21,0.9825412631034851
Learned,Learned Basis,0.06,22,0.9821785688400269
Learned,Learned Basis,0.06,23,0.9848937392234802
Learned,Learned Basis,0.06,24,0.9830737709999084
Learned,Learned Basis,0.06,25,0.9838606715202332
Learned,Learned Basis,0.06,26,0.9815148115158081
Learned,Learned Basis,0.06,27,0.9857770800590515
Learned,Learned Basis,0.06,28,0.980191171169281
Learned,Learned Basis,0.06,29,0.9836015105247498
Learned,Learned Basis,0.06,30,0.9841870069503784
Learned,Learned Basis,0.06,31,0.9843717813491821
Learned,Learned Basis,0.06,32,0.9847155213356018
Learned,Learned Basis,0.06,33,0.9836217761039734
Learned,Learned Basis,0.06,34,0.9815573692321777
Learned,Learned Basis,0.06,35,0.9837226271629333
Learned,Learned Basis,0.06,36,0.9842407703399658
Learned,Learned Basis,0.06,37,0.9831881523132324
Learned,Learned Basis,0.06,38,0.9860135316848755
Learned,Learned Basis,0.06,39,0.9890044331550598
Learned,Learned Basis,0.06,40,0.9821521639823914
Learned,Learned Basis,0.06,41,0.9838268756866455
Learned,Learned Basis,0.06,42,0.9835643768310547
Learned,Learned Basis,0.06,43,0.9807467460632324
Learned,Learned Basis,0.06,44,0.9816911220550537
Learned,Learned Basis,0.07999999999999999,0,0.9829539060592651
Learned,Learned Basis,0.07999999999999999,1,0.9855977892875671
Learned,Learned Basis,0.07999999999999999,2,0.978910505771637
Learned,Learned Basis,0.07999999999999999,3,0.9820848107337952
Learned,Learned Basis,0.07999999999999999,4,0.9840223789215088
Learned,Learned Basis,0.07999999999999999,5,0.9841774702072144
Learned,Learned Basis,0.07999999999999999,6,0.9857322573661804
Learned,Learned Basis,0.07999999999999999,7,0.9834127426147461
Learned,Learned Basis,0.07999999999999999,8,0.9821717739105225
Learned,Learned Basis,0.07999999999999999,9,0.9859123826026917
Learned,Learned Basis,0.07999999999999999,10,0.9841188788414001
Learned,Learned Basis,0.07999999999999999,11,0.9856575131416321
Learned,Learned Basis,0.07999999999999999,12,0.9874941110610962
Learned,Learned Basis,0.07999999999999999,13,0.984624445438385
Learned,Learned Basis,0.07999999999999999,14,0.9820536375045776
Learned,Learned Basis,0.07999999999999999,15,0.9801717400550842
Learned,Learned Basis,0.07999999999999999,16,0.9856868386268616
Learned,Learned Basis,0.07999999999999999,17,0.9810594916343689
Learned,Learned Basis,0.07999999999999999,18,0.9827613234519958
Learned,Learned Basis,0.07999999999999999,19,0.9842047095298767
Learned,Learned Basis,0.07999999999999999,20,0.9862040281295776
Learned,Learned Basis,0.07999999999999999,21,0.9816368818283081
Learned,Learned Basis,0.07999999999999999,22,0.9805725812911987
Learned,Learned Basis,0.07999999999999999,23,0.9832163453102112
Learned,Learned Basis,0.07999999999999999,24,0.982122004032135
Learned,Learned Basis,0.07999999999999999,25,0.9833110570907593
Learned,Learned Basis,0.07999999999999999,26,0.9810384511947632
Learned,Learned Basis,0.07999999999999999,27,0.985372006893158
Learned,Learned Basis,0.07999999999999999,28,0.9798954129219055
Learned,Learned Basis,0.07999999999999999,29,0.9833954572677612
Learned,Learned Basis,0.07999999999999999,30,0.9839574694633484
Learned,Learned Basis,0.07999999999999999,31,0.9842212796211243
Learned,Learned Basis,0.07999999999999999,32,0.9845841526985168
Learned,Learned Basis,0.07999999999999999,33,0.9834927320480347
Learned,Learned Basis,0.07999999999999999,34,0.9814344644546509
Learned,Learned Basis,0.07999999999999999,35,0.9836342334747314
Learned,Learned Basis,0.07999999999999999,36,0.9841262102127075
Learned,Learned Basis,0.07999999999999999,37,0.9830824136734009
Learned,Learned Basis,0.07999999999999999,38,0.9859251976013184
Learned,Learned Basis,0.07999999999999999,39,0.9889034032821655
Learned,Learned Basis,0.07999999999999999,40,0.982048511505127
Learned,Learned Basis,0.07999999999999999,41,0.9837285876274109
Learned,Learned Basis,0.07999999999999999,42,0.9834911227226257
Learned,Learned Basis,0.07999999999999999,43,0.9806583523750305
Learned,Learned Basis,0.07999999999999999,44,0.9816280007362366
Learned,Learned Basis,0.1,0,0.9828702211380005
Learned,Learned Basis,0.1,1,0.9854827523231506
Learned,Learned Basis,0.1,2,0.9788107872009277
Learned,Learned Basis,0.1,3,0.9819761514663696
Learned,Learned Basis,0.1,4,0.9839417338371277
Learned,Learned Basis,0.1,5,0.9840413928031921
Learned,Learned Basis,0.1,6,0.9856245517730713
Learned,Learned Basis,0.1,7,0.9832967519760132
Learned,Learned Basis,0.1,8,0.9820419549942017
Learned,Learned Basis,0.1,9,0.985788106918335
Learned,Learned Basis,0.1,10,0.9839925169944763
Learned,Learned Basis,0.1,11,0.9855189323425293
Learned,Learned Basis,0.1,12,0.9873321652412415
Learned,Learned Basis,0.1,13,0.9844613671302795
Learned,Learned Basis,0.1,14,0.9818352460861206
Learned,Learned Basis,0.1,15,0.9799402952194214
Learned,Learned Basis,0.1,16,0.9853864312171936
Learned,Learned Basis,0.1,17,0.9807133674621582
Learned,Learned Basis,0.1,18,0.9823086261749268
Learned,Learned Basis,0.1,19,0.9836522340774536
Learned,Learned Basis,0.1,20,0.9853858947753906
Learned,Learned Basis,0.1,21,0.9804784655570984
Learned,Learned Basis,0.1,22,0.978538453578949
Learned,Learned Basis,0.1,23,0.9811105132102966
Learned,Learned Basis,0.1,24,0.9809161424636841
Learned,Learned Basis,0.1,25,0.9825981855392456
Learned,Learned Basis,0.1,26,0.9804404973983765
Learned,Learned Basis,0.1,27,0.9848682880401611
Learned,Learned Basis,0.1,28,0.9795244336128235
Learned,Learned Basis,0.1,29,0.9831256866455078
Learned,Learned Basis,0.1,30,0.9836723804473877
Learned,Learned Basis,0.1,31,0.9840222597122192
Learned,Learned Basis,0.1,32,0.9844145774841309
Learned,Learned Basis,0.1,33,0.98332679271698
Learned,Learned Basis,0.1,34,0.981278121471405
Learned,Learned Basis,0.1,35,0.9835156202316284
Learned,Learned Basis,0.1,36,0.9839833378791809
Learned,Learned Basis,0.1,37,0.9829496145248413
Learned,Learned Basis,0.1,38,0.9858108758926392
Learned,Learned Basis,0.1,39,0.9887769818305969
Learned,Learned Basis,0.1,40,0.981920599937439
Learned,Learned Basis,0.1,41,0.9836075901985168
Learned,Learned Basis,0.1,42,0.9833965301513672
Learned,Learned Basis,0.1,43,0.9805484414100647
Learned,Learned Basis,0.1,44,0.9815424680709839
