method,method_label,papr_db
OFDM,Classical OFDM,5.205645
OFDM,Classical OFDM,6.347508
OFDM,Classical OFDM,5.6516914
OFDM,Classical OFDM,8.049991
OFDM,Classical OFDM,5.0434785
OFDM,Classical OFDM,7.420987
OFDM,Classical OFDM,6.631589
OFDM,Classical OFDM,5.992458
OFDM,Classical OFDM,5.612401
OFDM,Classical OFDM,8.210765
OFDM,Classical OFDM,6.7581186
OFDM,Classical OFDM,5.5643444
OFDM,Classical OFDM,7.1150093
OFDM,Classical OFDM,7.5495825
OFDM,Classical OFDM,5.089443
OFDM,Classical OFDM,5.543198
Learned,Learned Basis,5.895216
Learned,Learned Basis,4.5217934
Learned,Learned Basis,5.571708
Learned,Learned Basis,4.6071415
Learned,Learned Basis,5.04322
Learned,Learned Basis,6.278531
Learned,Learned Basis,5.05062
Learned,Learned Basis,3.8395488
Learned,Learned Basis,6.0866714
Learned,Learned Basis,4.552459
Learned,Learned Basis,5.1784062
Learned,Learned Basis,4.9664645
Learned,Learned Basis,5.4314113
Learned,Learned Basis,4.151456
Learned,Learned Basis,5.484025
Learned,Learned Basis,4.927463
LearnedNonlinear,Learned + Nonlinear RX,5.895223
LearnedNonlinear,Learned + Nonlinear RX,4.5217767
LearnedNonlinear,Learned + Nonlinear RX,5.5717206
LearnedNonlinear,Learned + Nonlinear RX,4.607124
LearnedNonlinear,Learned + Nonlinear RX,5.0432262
LearnedNonlinear,Learned + Nonlinear RX,6.2785172
LearnedNonlinear,Learned + Nonlinear RX,5.0505853
LearnedNonlinear,Learned + Nonlinear RX,3.839569
LearnedNonlinear,Learned + Nonlinear RX,6.0866923
LearnedNonlinear,Learned + Nonlinear RX,4.5524116
LearnedNonlinear,Learned + Nonlinear RX,5.178376
LearnedNonlinear,Learned + Nonlinear RX,4.966425
LearnedNonlinear,Learned + Nonlinear RX,5.4314194
LearnedNonlinear,Learned + Nonlinear RX,4.151457
LearnedNonlinear,Learned + Nonlinear RX,5.484038
LearnedNonlinear,Learned + Nonlinear RX,4.927434
OFDM,Classical OFDM,7.0492077
OFDM,Classical OFDM,5.975586
OFDM,Classical OFDM,5.403974
OFDM,Classical OFDM,5.2889915
OFDM,Classical OFDM,5.5277367
OFDM,Classical OFDM,7.117121
OFDM,Classical OFDM,7.6964526
OFDM,Classical OFDM,7.30731
OFDM,Classical OFDM,6.5304093
OFDM,Classical OFDM,7.077219
OFDM,Classical OFDM,5.9392505
OFDM,Classical OFDM,5.094225
OFDM,Classical OFDM,7.5783625
OFDM,Classical OFDM,8.049653
OFDM,Classical OFDM,6.4469795
OFDM,Classical OFDM,6.388961
Learned,Learned Basis,5.619655
Learned,Learned Basis,4.7452044
Learned,Learned Basis,4.9764595
Learned,Learned Basis,6.3785563
Learned,Learned Basis,5.399024
Learned,Learned Basis,5.1383405
Learned,Learned Basis,4.5523443
Learned,Learned Basis,3.9036322
Learned,Learned Basis,6.1160607
Learned,Learned Basis,5.7811155
Learned,Learned Basis,4.866085
Learned,Learned Basis,5.8643675
Learned,Learned Basis,5.484337
Learned,Learned Basis,5.557082
Learned,Learned Basis,4.359815
Learned,Learned Basis,4.76731
LearnedNonlinear,Learned + Nonlinear RX,5.619641
LearnedNonlinear,Learned + Nonlinear RX,4.745225
LearnedNonlinear,Learned + Nonlinear RX,4.9764576
LearnedNonlinear,Learned + Nonlinear RX,6.378566
LearnedNonlinear,Learned + Nonlinear RX,5.3990335
LearnedNonlinear,Learned + Nonlinear RX,5.1383104
LearnedNonlinear,Learned + Nonlinear RX,4.552359
LearnedNonlinear,Learned + Nonlinear RX,3.9036684
LearnedNonlinear,Learned + Nonlinear RX,6.1160355
LearnedNonlinear,Learned + Nonlinear RX,5.7811213
LearnedNonlinear,Learned + Nonlinear RX,4.866125
LearnedNonlinear,Learned + Nonlinear RX,5.8643627
LearnedNonlinear,Learned + Nonlinear RX,5.484312
LearnedNonlinear,Learned + Nonlinear RX,5.557068
LearnedNonlinear,Learned + Nonlinear RX,4.3597794
LearnedNonlinear,Learned + Nonlinear RX,4.7672997
OFDM,Classical OFDM,7.181258
OFDM,Classical OFDM,7.225268
OFDM,Classical OFDM,7.8316717
OFDM,Classical OFDM,5.4899063
OFDM,Classical OFDM,6.542901
OFDM,Classical OFDM,6.0055494
OFDM,Classical OFDM,5.0289183
OFDM,Classical OFDM,6.8795996
OFDM,Classical OFDM,6.9646015
OFDM,Classical OFDM,6.3275986
OFDM,Classical OFDM,4.84216
OFDM,Classical OFDM,6.4758086
OFDM,Classical OFDM,5.8819127
OFDM,Classical OFDM,7.4330635
OFDM,Classical OFDM,6.55774
OFDM,Classical OFDM,4.671733
Learned,Learned Basis,4.5975566
Learned,Learned Basis,7.3204656
Learned,Learned Basis,5.24606
Learned,Learned Basis,4.378782
Learned,Learned Basis,5.432476
Learned,Learned Basis,5.506572
Learned,Learned Basis,4.4530525
Learned,Learned Basis,4.8878245
Learned,Learned Basis,4.9267282
Learned,Learned Basis,6.8716407
Learned,Learned Basis,4.5288296
Learned,Learned Basis,4.4234595
Learned,Learned Basis,5.8431582
Learned,Learned Basis,4.705745
Learned,Learned Basis,5.5778294
Learned,Learned Basis,6.3390245
LearnedNonlinear,Learned + Nonlinear RX,4.5975533
LearnedNonlinear,Learned + Nonlinear RX,7.320469
LearnedNonlinear,Learned + Nonlinear RX,5.2460456
LearnedNonlinear,Learned + Nonlinear RX,4.3787775
LearnedNonlinear,Learned + Nonlinear RX,5.4325104
LearnedNonlinear,Learned + Nonlinear RX,5.506573
LearnedNonlinear,Learned + Nonlinear RX,4.453027
LearnedNonlinear,Learned + Nonlinear RX,4.887814
LearnedNonlinear,Learned + Nonlinear RX,4.926765
LearnedNonlinear,Learned + Nonlinear RX,6.8716364
LearnedNonlinear,Learned + Nonlinear RX,4.528841
LearnedNonlinear,Learned + Nonlinear RX,4.4234724
LearnedNonlinear,Learned + Nonlinear RX,5.843158
LearnedNonlinear,Learned + Nonlinear RX,4.7057505
LearnedNonlinear,Learned + Nonlinear RX,5.577854
LearnedNonlinear,Learned + Nonlinear RX,6.3390355
OFDM,Classical OFDM,6.1328554
OFDM,Classical OFDM,6.8447866
OFDM,Classical OFDM,6.556882
OFDM,Classical OFDM,6.9089484
OFDM,Classical OFDM,6.543872
OFDM,Classical OFDM,5.3768215
OFDM,Classical OFDM,5.634241
OFDM,Classical OFDM,6.5416317
OFDM,Classical OFDM,5.808658
OFDM,Classical OFDM,6.109385
OFDM,Classical OFDM,7.1132226
OFDM,Classical OFDM,5.7712793
OFDM,Classical OFDM,6.669786
OFDM,Classical OFDM,6.6815405
OFDM,Classical OFDM,5.718736
OFDM,Classical OFDM,6.5250163
Learned,Learned Basis,5.275802
Learned,Learned Basis,4.8699684
Learned,Learned Basis,4.2347
Learned,Learned Basis,5.866594
Learned,Learned Basis,5.0269885
Learned,Learned Basis,7.5299807
Learned,Learned Basis,5.8364725
Learned,Learned Basis,5.3785686
Learned,Learned Basis,5.818395
Learned,Learned Basis,5.5529013
Learned,Learned Basis,5.0062313
Learned,Learned Basis,6.006879
Learned,Learned Basis,5.5658746
Learned,Learned Basis,7.7449684
Learned,Learned Basis,4.9393215
Learned,Learned Basis,5.912877
LearnedNonlinear,Learned + Nonlinear RX,5.275795
LearnedNonlinear,Learned + Nonlinear RX,4.8699603
LearnedNonlinear,Learned + Nonlinear RX,4.2346864
LearnedNonlinear,Learned + Nonlinear RX,5.86657
LearnedNonlinear,Learned + Nonlinear RX,5.026974
LearnedNonlinear,Learned + Nonlinear RX,7.5299788
LearnedNonlinear,Learned + Nonlinear RX,5.8364906
LearnedNonlinear,Learned + Nonlinear RX,5.378586
LearnedNonlinear,Learned + Nonlinear RX,5.8183928
LearnedNonlinear,Learned + Nonlinear RX,5.5529113
LearnedNonlinear,Learned + Nonlinear RX,5.00624
LearnedNonlinear,Learned + Nonlinear RX,6.006885
LearnedNonlinear,Learned + Nonlinear RX,5.565854
LearnedNonlinear,Learned + Nonlinear RX,7.744984
LearnedNonlinear,Learned + Nonlinear RX,4.9393153
LearnedNonlinear,Learned + Nonlinear RX,5.9128656
